{"stats":{"minecraft:mined":{"minecraft:large_fern":3,"minecraft:short_grass":3,"minecraft:grass_block":3,"minecraft:poppy":1,"minecraft:sand":8,"minecraft:birch_log":1,"minecraft:fern":3},"minecraft:killed":{"minecraft:pig":1},"minecraft:custom":{"minecraft:time_since_rest":8125,"minecraft:crouch_one_cm":298,"minecraft:play_time":8125,"minecraft:sprint_one_cm":21786,"minecraft:damage_taken":140,"minecraft:walk_one_cm":13049,"minecraft:sneak_time":91,"minecraft:walk_under_water_one_cm":475,"minecraft:mob_kills":1,"minecraft:jump":182,"minecraft:damage_dealt":135,"minecraft:leave_game":2,"minecraft:walk_on_water_one_cm":1542,"minecraft:time_since_death":8125,"minecraft:total_world_time":8125,"minecraft:swim_one_cm":965,"minecraft:fall_one_cm":5925,"minecraft:fly_one_cm":38173},"minecraft:picked_up":{"minecraft:birch_log":1,"minecraft:wheat_seeds":1,"minecraft:porkchop":2,"minecraft:sand":8,"minecraft:poppy":1,"minecraft:dirt":3},"minecraft:used":{"minecraft:dirt":3,"minecraft:sand":8,"minecraft:poppy":1,"minecraft:porkchop":6,"minecraft:birch_log":1,"minecraft:pig_spawn_egg":1}},"DataVersion":3953}