{"stats":{"minecraft:mined":{"minecraft:short_grass":2,"minecraft:grass_block":3,"minecraft:poppy":1,"minecraft:sand":8,"minecraft:birch_log":1},"minecraft:killed":{"minecraft:pig":1},"minecraft:custom":{"minecraft:time_since_rest":4497,"minecraft:crouch_one_cm":298,"minecraft:play_time":4497,"minecraft:sprint_one_cm":10391,"minecraft:damage_taken":20,"minecraft:walk_one_cm":7876,"minecraft:sneak_time":91,"minecraft:mob_kills":1,"minecraft:jump":82,"minecraft:damage_dealt":100,"minecraft:leave_game":1,"minecraft:time_since_death":4497,"minecraft:total_world_time":4497,"minecraft:fall_one_cm":3239,"minecraft:fly_one_cm":15951},"minecraft:picked_up":{"minecraft:birch_log":1,"minecraft:porkchop":2,"minecraft:sand":8,"minecraft:poppy":1,"minecraft:dirt":3},"minecraft:used":{"minecraft:dirt":3,"minecraft:sand":8,"minecraft:porkchop":2,"minecraft:pig_spawn_egg":1,"minecraft:poppy":1,"minecraft:birch_log":1}},"DataVersion":3953}